BOGER,PHI @ WAS,ATL @ DAL,TB @ DEN,NYG @ LAR,MIA @ SF,NYJ @ LAC,GB @ HOU,NE @ BUF,CAR @ KC,WAS @ DET,UNASSIGNED,TEN @ IND,JAX @ MIN,OFF,SEA @ WAS,SF @ ARZ,BAL @ CIN,
TORBERT,DAL @ LAR SNF,DET @ GB,HOU @ PIT,IND @ CHI,CAR @ ATL,KC @ BUF THNF,OFF,TEN @ CIN,NO @ TB SNF,HOU @ CLE,OFF,LAS @ ATL,DAL @ BAL THNF,NO @ PHI,NYJ @ LAR,BUF @ NE MNF,LAC @ KC,
CHEFFERS,LAS @ CAR,LAR @ PHI,KC @ BAL MNF,SEA @ MIA,IND @ CLE,OFF,NYG @ PHI THNF,NYJ @ KC,OFF,MIN @ CHI MNF,UNASSIGNED,LAC @ BUF,NYG @ SEA,DAL @ CIN,TB @ ATL,TEN @ GB SNF,MIN @ DET,
ROGERS,CHI @ DET,CIN @ CLE THNF,TEN @ MIN,BUF @ LAS,JAX @ HOU,CHI @ CAR,OFF,MIN @ GB,DEN @ ATL,OFF,TEN @ BAL,KC @ TB,NE @ LAC,IND @ LAS,PHI @ ARZ,NYG @ BAL,MIA @ BUF,
SMITH,IND @ JAX,NO @ LAS MNF,DAL @ SEA,MIN @ HOU,CIN @ BAL,WAS @ NYG,OFF,DAL @ PHI SNF,SEA @ BUF,NYJ @ MIA,OFF,CHI @ GB SNF,CLE @ TEN,ARZ @ NYG,NE @ MIA,TB @ DET,SEA @ SF,
KEMP,TB @ NO,NE @ SEA SNF,CAR @ LAC,BAL @ WAS,OFF,LAR @ SF SNF,BUF @ NYJ,JAX @ LAC,MIA @ ARZ,DEN @ LAS,ATL @ NO,OFF,PHI @ GB,MIN @ TB,PIT @ CIN MNF,CHI @ JAX,DAL @ NYG,
WROLSTAD,TEN @ DEN MNF,OFF,DET @ ARZ,PHI @ SF SNF,LAR @ WAS,GB @ TB,CLE @ CIN,NO @ CHI,OFF,BAL @ NE SNF,DAL @ MIN,NYG @ CIN,BUF @ SF MNF,DEN @ CAR,HOU @ IND,ATL @ KC,PIT @ CLE,
CLARK,HOU @ KC THNF,BUF @ MIA,CIN @ PHI,CLE @ DAL,DEN @ NE,OFF,PIT @ BAL,OFF,LAS @ LAC,IND @ TEN THNF,CIN @ WAS,CAR @ MIN,DET @ CHI,ATL @ LAC,JAX @ BAL,LAR @ SEA,NO @ CAR,
CORRENTE,ARZ @ SF,NYG @ CHI,LAS @ NE,DEN @ NYJ THNF,BUF @ TEN,CLE @ PIT,SEA @ ARZ,OFF,GB @ SF MNF,TB @ CAR,OFF,MIA @ NYJ,DEN @ KC SNF,TEN @ JAX,CLE @ NYG,MIN @ NO,WAS @ PHI,
NOVAK,PIT @ NYG MNF,KC @ LAC,CHI @ ATL,JAX @ CIN,OFF,ARZ @ DAL MNF,DET @ ATL,OFF,NYG @ WAS,SF @ NO,UNASSIGNED,HOU @ DET,WAS @ PIT,NE @ LAR THNF,CHI @ MIN,PHI @ DAL,LAS @ DEN,
MARTIN,CLE @ BAL,MIN @ IND,GB @ NO SNF,PIT @ TEN,ARZ @ NYJ,DET @ JAX,CHI @ LAR MNF,OFF,BAL @ IND,PHI @ NYG,OFF,SF @ LAR,CIN @ MIA,PIT @ BUF SNF,KC @ NO,CAR @ WAS,TEN @ HOU,
HILL,MIA @ NE,JAX @ TEN,NYJ @ IND,ATL @ GB MNF,NYG @ DAL,OFF,CAR @ NO,LAR @ MIA,CHI @ TEN,OFF,PHI @ CLE,BAL @ PIT THNF,IND @ HOU,NYJ @ SEA,DET @ TEN,MIA @ LAS,ATL @ TB,
BLAKEMAN,GB @ MIN,DEN @ PIT,OFF,NO @ DET,TB @ CHI SNF,CIN @ IND,DAL @ WAS,ATL @ CAR THNF,OFF,UNASSIGNED,UNASSIGNED,CLE @ JAX,LAS @ NYJ,KC @ MIA,BUF @ DEN,CIN @ HOU,ARZ @ LAR,
ALLEN,NYJ @ BUF,WAS @ ARZ,MIA @ JAX THNF,NE @ KC,PHI @ PIT,ATL @ MIN,TB @ LAS SNF,SF @ SEA,HOU @ JAX,CIN @ PIT,UNASSIGNED,WAS @ DAL,NO @ ATL,BAL @ CLE MNF,CAR @ GB,OFF,JAX @ IND,
HUSSEY,LAC @ CIN,SF @ NYJ,LAR @ BUF,ARZ @ CAR,LAS @ KC,HOU @ TEN,LAC @ MIA,IND @ DET,NE @ NYJ MNF,JAX @ GB,UNASSIGNED,SEA @ PHI MNF,OFF,WAS @ SF,OFF,DEN @ LAC,GB @ CHI,
HOCHULI,UNASSIGNED,CAR @ TB,SF @ NYG,OFF,MIN @ SEA SNF,BAL @ PHI,KC @ DEN,LAS @ CLE,PIT @ DAL,OFF,UNASSIGNED,NO @ DEN,LAR @ ARZ,GB @ DET,LAC @ LAS THNF,CLE @ NYJ,UNASSIGNED,
VINOVICH,SEA @ ATL,BAL @ HOU,WAS @ CLE,OFF,LAC @ NO MNF,MIA @ DEN,SF @ NE,TB @ NYG MNF,DET @ MIN,UNASSIGNED,UNASSIGNED,ARZ @ NE,OFF,HOU @ CHI,SF @ DAL SNF,IND @ PIT,NYJ @ NE,
